<?xml version="1.0" encoding="UTF-8" ?>
<!-- This is a WordPress eXtended RSS file generated by WordPress as an export of your site. -->
<!-- It contains information about your site's posts, pages, comments, categories, and other content. -->
<!-- You may use this file to transfer that content from one site to another. -->
<!-- This file is not intended to serve as a complete backup of your site. -->

<!-- To import this information into a WordPress site follow these steps: -->
<!-- 1. Log in to that site as an administrator. -->
<!-- 2. Go to Tools: Import in the WordPress admin panel. -->
<!-- 3. Install the "WordPress" importer from the list. -->
<!-- 4. Activate & Run Importer. -->
<!-- 5. Upload this file using the form provided on that page. -->
<!-- 6. You will first be asked to map the authors in this export file to users -->
<!--    on the site. For each author, you may choose to map to an -->
<!--    existing user on the site or to create a new user. -->
<!-- 7. WordPress will then import each of the posts, pages, comments, categories, etc. -->
<!--    contained in this file into your site. -->

<!-- generator="WordPress.com" created="2018-12-01 05:22"-->
<rss version="2.0"
	xmlns:excerpt="http://wordpress.org/export/1.2/excerpt/"
	xmlns:content="http://purl.org/rss/1.0/modules/content/"
	xmlns:wfw="http://wellformedweb.org/CommentAPI/"
	xmlns:dc="http://purl.org/dc/elements/1.1/"
	xmlns:wp="http://wordpress.org/export/1.2/"
>

<channel>
	<title>Colin&#039;s portfolio</title>
	<link>https://colinsportfolio78254161.wordpress.com</link>
	<description></description>
	<pubDate>Sat, 01 Dec 2018 05:22:50 +0000</pubDate>
	<language></language>
	<wp:wxr_version>1.2</wp:wxr_version>
	<wp:base_site_url>http://wordpress.com/</wp:base_site_url>
	<wp:base_blog_url>https://colinsportfolio78254161.wordpress.com</wp:base_blog_url>

	<wp:author><wp:author_id>147506789</wp:author_id><wp:author_login><![CDATA[ckennedy3]]></wp:author_login><wp:author_email><![CDATA[c.w.kennedy.color@gmail.com]]></wp:author_email><wp:author_display_name><![CDATA[ckennedy3]]></wp:author_display_name><wp:author_first_name><![CDATA[]]></wp:author_first_name><wp:author_last_name><![CDATA[]]></wp:author_last_name></wp:author>

	<wp:category><wp:term_id>1</wp:term_id><wp:category_nicename>uncategorized</wp:category_nicename><wp:category_parent></wp:category_parent><wp:cat_name><![CDATA[Uncategorized]]></wp:cat_name>
</wp:category>
	<wp:term><wp:term_id>1358</wp:term_id><wp:term_taxonomy>nav_menu</wp:term_taxonomy><wp:term_slug><![CDATA[footer-menu]]></wp:term_slug><wp:term_name><![CDATA[footer menu]]></wp:term_name>
</wp:term>
	<wp:term><wp:term_id>1357</wp:term_id><wp:term_taxonomy>nav_menu</wp:term_taxonomy><wp:term_slug><![CDATA[primary]]></wp:term_slug><wp:term_name><![CDATA[Primary]]></wp:term_name>
</wp:term>

	<generator>http://wordpress.com/</generator>
<image>
		<url>http://s0.wp.com/i/buttonw-com.png</url>
		<title>Colin&#039;s portfolio</title>
		<link>https://colinsportfolio78254161.wordpress.com</link>
	</image>
		
	<item>
		<title>Contact</title>
		<link>https://colinsportfolio78254161.wordpress.com/contact/</link>
		<pubDate>Tue, 06 Nov 2018 18:07:25 +0000</pubDate>
		<dc:creator>ckennedy3</dc:creator>
		<guid isPermaLink="false">https://colinsportfolio78254161.wordpress.com/?page_id=2</guid>
		<description></description>
		<content:encoded><![CDATA[[contact-form][contact-field label="Name" type="name" required="1"/][contact-field label="Email" type="email" required="1"/][contact-field label="Comment" type="textarea" required="1"/][/contact-form]]]></content:encoded>
		<excerpt:encoded><![CDATA[]]></excerpt:encoded>
		<wp:post_id>2</wp:post_id>
		<wp:post_date>2018-11-06 18:07:25</wp:post_date>
		<wp:post_date_gmt>2018-11-06 18:07:25</wp:post_date_gmt>
		<wp:comment_status>closed</wp:comment_status>
		<wp:ping_status>closed</wp:ping_status>
		<wp:post_name>contact</wp:post_name>
		<wp:status>publish</wp:status>
		<wp:post_parent>0</wp:post_parent>
		<wp:menu_order>3</wp:menu_order>
		<wp:post_type>page</wp:post_type>
		<wp:post_password></wp:post_password>
		<wp:is_sticky>0</wp:is_sticky>
		<wp:postmeta>
			<wp:meta_key>_headstart_post</wp:meta_key>
			<wp:meta_value><![CDATA[_hs_contact_page]]></wp:meta_value>
		</wp:postmeta>
		<wp:postmeta>
			<wp:meta_key>sharing_disabled</wp:meta_key>
			<wp:meta_value><![CDATA[a:1:{i:0;i:0;}]]></wp:meta_value>
		</wp:postmeta>
		<wp:postmeta>
			<wp:meta_key>switch_like_status</wp:meta_key>
			<wp:meta_value><![CDATA[a:1:{i:0;i:0;}]]></wp:meta_value>
		</wp:postmeta>
		<wp:postmeta>
			<wp:meta_key>_wpas_skip_all_services</wp:meta_key>
			<wp:meta_value><![CDATA[1]]></wp:meta_value>
		</wp:postmeta>
		<wp:postmeta>
			<wp:meta_key>_publicize_pending</wp:meta_key>
			<wp:meta_value><![CDATA[1]]></wp:meta_value>
		</wp:postmeta>
		<wp:postmeta>
			<wp:meta_key>_checklist_post_type</wp:meta_key>
			<wp:meta_value><![CDATA[_hs_contact_page]]></wp:meta_value>
		</wp:postmeta>
		<wp:postmeta>
			<wp:meta_key>_thumbnail_id</wp:meta_key>
			<wp:meta_value><![CDATA[8]]></wp:meta_value>
		</wp:postmeta>
		<wp:postmeta>
			<wp:meta_key>_g_feedback_shortcode_d19880efda6c951cf284409705cf9fd7503e0938</wp:meta_key>
			<wp:meta_value><![CDATA[[contact-field label="Name" type="name" required="1"/][contact-field label="Email" type="email" required="1"/][contact-field label="Comment" type="textarea" required="1"/]]]></wp:meta_value>
		</wp:postmeta>
		<wp:postmeta>
			<wp:meta_key>_g_feedback_shortcode_atts_d19880efda6c951cf284409705cf9fd7503e0938</wp:meta_key>
			<wp:meta_value><![CDATA[a:6:{s:2:"to";s:27:"c.w.kennedy.color@gmail.com";s:7:"subject";s:32:"[Colin&#039;s portfolio] Contact";s:12:"show_subject";s:2:"no";s:6:"widget";i:0;s:2:"id";i:2;s:18:"submit_button_text";s:13:"Submit &#187;";}]]></wp:meta_value>
		</wp:postmeta>
	</item>
	<item>
		<title>The Journey Begins</title>
		<link>https://colinsportfolio78254161.wordpress.com/?p=3</link>
		<pubDate>Tue, 06 Nov 2018 18:07:24 +0000</pubDate>
		<dc:creator>ckennedy3</dc:creator>
		<guid isPermaLink="false">https://colinsportfolio78254161.wordpress.com/?p=3</guid>
		<description></description>
		<content:encoded><![CDATA[Thanks for joining me! <blockquote>Good company in a journey makes the way seem shorter. — Izaak Walton</blockquote><img class="wp-image-7 size-full" src="https://twentysixteendemo.files.wordpress.com/2015/11/post.png" alt="post" width="1000" height="563" />]]></content:encoded>
		<excerpt:encoded><![CDATA[]]></excerpt:encoded>
		<wp:post_id>3</wp:post_id>
		<wp:post_date>2018-11-06 18:07:24</wp:post_date>
		<wp:post_date_gmt>2018-11-06 18:07:24</wp:post_date_gmt>
		<wp:comment_status>open</wp:comment_status>
		<wp:ping_status>open</wp:ping_status>
		<wp:post_name>the-journey-begins__trashed</wp:post_name>
		<wp:status>trash</wp:status>
		<wp:post_parent>0</wp:post_parent>
		<wp:menu_order>0</wp:menu_order>
		<wp:post_type>post</wp:post_type>
		<wp:post_password></wp:post_password>
		<wp:is_sticky>0</wp:is_sticky>
		<category domain="category" nicename="uncategorized"><![CDATA[Uncategorized]]></category>
		<wp:postmeta>
			<wp:meta_key>sharing_disabled</wp:meta_key>
			<wp:meta_value><![CDATA[a:1:{i:0;i:0;}]]></wp:meta_value>
		</wp:postmeta>
		<wp:postmeta>
			<wp:meta_key>switch_like_status</wp:meta_key>
			<wp:meta_value><![CDATA[a:1:{i:0;i:0;}]]></wp:meta_value>
		</wp:postmeta>
		<wp:postmeta>
			<wp:meta_key>_publicize_pending</wp:meta_key>
			<wp:meta_value><![CDATA[1]]></wp:meta_value>
		</wp:postmeta>
		<wp:postmeta>
			<wp:meta_key>_wp_trash_meta_status</wp:meta_key>
			<wp:meta_value><![CDATA[publish]]></wp:meta_value>
		</wp:postmeta>
		<wp:postmeta>
			<wp:meta_key>_wp_trash_meta_time</wp:meta_key>
			<wp:meta_value><![CDATA[1541529002]]></wp:meta_value>
		</wp:postmeta>
		<wp:postmeta>
			<wp:meta_key>_wp_desired_post_slug</wp:meta_key>
			<wp:meta_value><![CDATA[the-journey-begins]]></wp:meta_value>
		</wp:postmeta>
	</item>
	<item>
		<title>Home</title>
		<link>https://colinsportfolio78254161.wordpress.com/2018/11/06/home/</link>
		<pubDate>Tue, 06 Nov 2018 18:12:25 +0000</pubDate>
		<dc:creator>ckennedy3</dc:creator>
		<guid isPermaLink="false">https://colinsportfolio78254161.wordpress.com/2018/11/06/home/</guid>
		<description></description>
		<content:encoded><![CDATA[]]></content:encoded>
		<excerpt:encoded><![CDATA[]]></excerpt:encoded>
		<wp:post_id>6</wp:post_id>
		<wp:post_date>2018-11-06 18:12:25</wp:post_date>
		<wp:post_date_gmt>2018-11-06 18:12:25</wp:post_date_gmt>
		<wp:comment_status>closed</wp:comment_status>
		<wp:ping_status>closed</wp:ping_status>
		<wp:post_name>home</wp:post_name>
		<wp:status>publish</wp:status>
		<wp:post_parent>0</wp:post_parent>
		<wp:menu_order>2</wp:menu_order>
		<wp:post_type>nav_menu_item</wp:post_type>
		<wp:post_password></wp:post_password>
		<wp:is_sticky>0</wp:is_sticky>
		<category domain="nav_menu" nicename="primary"><![CDATA[Primary]]></category>
		<wp:postmeta>
			<wp:meta_key>_publicize_pending</wp:meta_key>
			<wp:meta_value><![CDATA[1]]></wp:meta_value>
		</wp:postmeta>
		<wp:postmeta>
			<wp:meta_key>_menu_item_type</wp:meta_key>
			<wp:meta_value><![CDATA[custom]]></wp:meta_value>
		</wp:postmeta>
		<wp:postmeta>
			<wp:meta_key>_menu_item_menu_item_parent</wp:meta_key>
			<wp:meta_value><![CDATA[0]]></wp:meta_value>
		</wp:postmeta>
		<wp:postmeta>
			<wp:meta_key>_menu_item_object_id</wp:meta_key>
			<wp:meta_value><![CDATA[6]]></wp:meta_value>
		</wp:postmeta>
		<wp:postmeta>
			<wp:meta_key>_menu_item_object</wp:meta_key>
			<wp:meta_value><![CDATA[custom]]></wp:meta_value>
		</wp:postmeta>
		<wp:postmeta>
			<wp:meta_key>_menu_item_target</wp:meta_key>
			<wp:meta_value><![CDATA[]]></wp:meta_value>
		</wp:postmeta>
		<wp:postmeta>
			<wp:meta_key>_menu_item_classes</wp:meta_key>
			<wp:meta_value><![CDATA[a:1:{i:0;s:0:"";}]]></wp:meta_value>
		</wp:postmeta>
		<wp:postmeta>
			<wp:meta_key>_menu_item_xfn</wp:meta_key>
			<wp:meta_value><![CDATA[]]></wp:meta_value>
		</wp:postmeta>
		<wp:postmeta>
			<wp:meta_key>_menu_item_url</wp:meta_key>
			<wp:meta_value><![CDATA[/]]></wp:meta_value>
		</wp:postmeta>
	</item>
	<item>
		<title></title>
		<link>https://colinsportfolio78254161.wordpress.com/2018/11/07/19/</link>
		<pubDate>Wed, 07 Nov 2018 20:23:32 +0000</pubDate>
		<dc:creator>ckennedy3</dc:creator>
		<guid isPermaLink="false">https://colinsportfolio78254161.wordpress.com/2018/11/07/19/</guid>
		<description></description>
		<content:encoded><![CDATA[ ]]></content:encoded>
		<excerpt:encoded><![CDATA[]]></excerpt:encoded>
		<wp:post_id>19</wp:post_id>
		<wp:post_date>2018-11-07 20:23:32</wp:post_date>
		<wp:post_date_gmt>2018-11-07 20:23:32</wp:post_date_gmt>
		<wp:comment_status>closed</wp:comment_status>
		<wp:ping_status>closed</wp:ping_status>
		<wp:post_name>19</wp:post_name>
		<wp:status>publish</wp:status>
		<wp:post_parent>0</wp:post_parent>
		<wp:menu_order>1</wp:menu_order>
		<wp:post_type>nav_menu_item</wp:post_type>
		<wp:post_password></wp:post_password>
		<wp:is_sticky>0</wp:is_sticky>
		<category domain="nav_menu" nicename="primary"><![CDATA[Primary]]></category>
		<wp:postmeta>
			<wp:meta_key>_menu_item_classes</wp:meta_key>
			<wp:meta_value><![CDATA[a:1:{i:0;s:0:"";}]]></wp:meta_value>
		</wp:postmeta>
		<wp:postmeta>
			<wp:meta_key>_menu_item_target</wp:meta_key>
			<wp:meta_value><![CDATA[]]></wp:meta_value>
		</wp:postmeta>
		<wp:postmeta>
			<wp:meta_key>_menu_item_object</wp:meta_key>
			<wp:meta_value><![CDATA[post]]></wp:meta_value>
		</wp:postmeta>
		<wp:postmeta>
			<wp:meta_key>_menu_item_object_id</wp:meta_key>
			<wp:meta_value><![CDATA[9]]></wp:meta_value>
		</wp:postmeta>
		<wp:postmeta>
			<wp:meta_key>_menu_item_menu_item_parent</wp:meta_key>
			<wp:meta_value><![CDATA[0]]></wp:meta_value>
		</wp:postmeta>
		<wp:postmeta>
			<wp:meta_key>_menu_item_type</wp:meta_key>
			<wp:meta_value><![CDATA[post_type]]></wp:meta_value>
		</wp:postmeta>
		<wp:postmeta>
			<wp:meta_key>_publicize_pending</wp:meta_key>
			<wp:meta_value><![CDATA[1]]></wp:meta_value>
		</wp:postmeta>
		<wp:postmeta>
			<wp:meta_key>_menu_item_xfn</wp:meta_key>
			<wp:meta_value><![CDATA[]]></wp:meta_value>
		</wp:postmeta>
		<wp:postmeta>
			<wp:meta_key>_menu_item_url</wp:meta_key>
			<wp:meta_value><![CDATA[]]></wp:meta_value>
		</wp:postmeta>
	</item>
	<item>
		<title>Placeholder Image</title>
		<link>https://colinsportfolio78254161.wordpress.com/contact/placeholder-image/</link>
		<pubDate>Tue, 06 Nov 2018 18:12:25 +0000</pubDate>
		<dc:creator>ckennedy3</dc:creator>
		<guid isPermaLink="false">http://colinsportfolio78254161.files.wordpress.com/2018/11/person-smartphone-office-table.jpeg</guid>
		<description></description>
		<content:encoded><![CDATA[]]></content:encoded>
		<excerpt:encoded><![CDATA[]]></excerpt:encoded>
		<wp:post_id>8</wp:post_id>
		<wp:post_date>2018-11-06 18:12:25</wp:post_date>
		<wp:post_date_gmt>2018-11-06 18:12:25</wp:post_date_gmt>
		<wp:comment_status>open</wp:comment_status>
		<wp:ping_status>closed</wp:ping_status>
		<wp:post_name>placeholder-image</wp:post_name>
		<wp:status>inherit</wp:status>
		<wp:post_parent>2</wp:post_parent>
		<wp:menu_order>0</wp:menu_order>
		<wp:post_type>attachment</wp:post_type>
		<wp:post_password></wp:post_password>
		<wp:is_sticky>0</wp:is_sticky>
		<wp:attachment_url>https://colinsportfolio78254161.files.wordpress.com/2018/11/person-smartphone-office-table.jpeg</wp:attachment_url>
		<wp:postmeta>
			<wp:meta_key>_wp_attached_file</wp:meta_key>
			<wp:meta_value><![CDATA[/home/wpcom/public_html/wp-content/blogs.dir/b52/154074826/files/2018/11/person-smartphone-office-table.jpeg]]></wp:meta_value>
		</wp:postmeta>
		<wp:postmeta>
			<wp:meta_key>_wp_attachment_metadata</wp:meta_key>
			<wp:meta_value><![CDATA[a:6:{s:5:"width";i:1600;s:6:"height";i:1067;s:4:"file";s:108:"/home/wpcom/public_html/wp-content/blogs.dir/b52/154074826/files/2018/11/person-smartphone-office-table.jpeg";s:5:"sizes";a:0:{}s:10:"image_meta";a:12:{s:8:"aperture";s:1:"0";s:6:"credit";s:0:"";s:6:"camera";s:0:"";s:7:"caption";s:0:"";s:17:"created_timestamp";s:1:"0";s:9:"copyright";s:0:"";s:12:"focal_length";s:1:"0";s:3:"iso";s:1:"0";s:13:"shutter_speed";s:1:"0";s:5:"title";s:0:"";s:11:"orientation";s:1:"0";s:8:"keywords";a:0:{}}s:8:"filesize";i:55817;}]]></wp:meta_value>
		</wp:postmeta>
	</item>
	<item>
		<title>Hello, and welcome</title>
		<link>https://colinsportfolio78254161.wordpress.com/2018/11/06/the-very-beginning/</link>
		<pubDate>Tue, 06 Nov 2018 18:51:45 +0000</pubDate>
		<dc:creator>ckennedy3</dc:creator>
		<guid isPermaLink="false">https://colinsportfolio78254161.wordpress.com/?p=9</guid>
		<description></description>
		<content:encoded><![CDATA[<h1>Hello, my name is Colin Kennedy</h1>
welcome to my game blog. I will be making posts frequently . . . hopefully.

My goals:
<ul>
	<li>Set up a good, if not great, user experience.</li>
	<li>Make this site a place for gamers to talk about games and updates.</li>
</ul>]]></content:encoded>
		<excerpt:encoded><![CDATA[]]></excerpt:encoded>
		<wp:post_id>9</wp:post_id>
		<wp:post_date>2018-11-06 18:51:45</wp:post_date>
		<wp:post_date_gmt>2018-11-06 18:51:45</wp:post_date_gmt>
		<wp:comment_status>open</wp:comment_status>
		<wp:ping_status>open</wp:ping_status>
		<wp:post_name>the-very-beginning</wp:post_name>
		<wp:status>publish</wp:status>
		<wp:post_parent>0</wp:post_parent>
		<wp:menu_order>0</wp:menu_order>
		<wp:post_type>post</wp:post_type>
		<wp:post_password></wp:post_password>
		<wp:is_sticky>0</wp:is_sticky>
		<category domain="category" nicename="uncategorized"><![CDATA[Uncategorized]]></category>
		<wp:postmeta>
			<wp:meta_key>_publicize_job_id</wp:meta_key>
			<wp:meta_value><![CDATA[23987237301]]></wp:meta_value>
		</wp:postmeta>
		<wp:postmeta>
			<wp:meta_key>timeline_notification</wp:meta_key>
			<wp:meta_value><![CDATA[1541530308]]></wp:meta_value>
		</wp:postmeta>
		<wp:postmeta>
			<wp:meta_key>_rest_api_published</wp:meta_key>
			<wp:meta_value><![CDATA[1]]></wp:meta_value>
		</wp:postmeta>
		<wp:postmeta>
			<wp:meta_key>_rest_api_client_id</wp:meta_key>
			<wp:meta_value><![CDATA[-1]]></wp:meta_value>
		</wp:postmeta>
	</item>
	<item>
		<title>Colin Kennedy - 2018-11-06 18:53:36</title>
		<link>https://colinsportfolio78254161.wordpress.com/?post_type=feedback&#038;p=11</link>
		<pubDate>Tue, 06 Nov 2018 18:53:36 +0000</pubDate>
		<dc:creator></dc:creator>
		<guid isPermaLink="false">https://colinsportfolio78254161.wordpress.com/?post_type=feedback&#038;p=11</guid>
		<description></description>
		<content:encoded><![CDATA[Contact me here.
<!--more-->
AUTHOR: Colin Kennedy
AUTHOR EMAIL: c.w.kennedy.color@gmail.com
AUTHOR URL: 
SUBJECT: [Colin's portfolio] Contact
IP: 66.102.196.93
Array
(
    [1_Name] =&gt; Colin Kennedy
    [2_Email] =&gt; c.w.kennedy.color@gmail.com
    [3_Comment] =&gt; Contact me here.
    [entry_title] =&gt; Contact
    [entry_permalink] =&gt; https://colinsportfolio78254161.wordpress.com/contact/
    [feedback_id] =&gt; 243dc1bb1c4d57e04818b4ab478e1efe
)
]]></content:encoded>
		<excerpt:encoded><![CDATA[]]></excerpt:encoded>
		<wp:post_id>11</wp:post_id>
		<wp:post_date>2018-11-06 18:53:36</wp:post_date>
		<wp:post_date_gmt>2018-11-06 18:53:36</wp:post_date_gmt>
		<wp:comment_status>closed</wp:comment_status>
		<wp:ping_status>closed</wp:ping_status>
		<wp:post_name>243dc1bb1c4d57e04818b4ab478e1efe</wp:post_name>
		<wp:status>publish</wp:status>
		<wp:post_parent>2</wp:post_parent>
		<wp:menu_order>0</wp:menu_order>
		<wp:post_type>feedback</wp:post_type>
		<wp:post_password></wp:post_password>
		<wp:is_sticky>0</wp:is_sticky>
		<wp:postmeta>
			<wp:meta_key>_feedback_extra_fields</wp:meta_key>
			<wp:meta_value><![CDATA[a:0:{}]]></wp:meta_value>
		</wp:postmeta>
		<wp:postmeta>
			<wp:meta_key>_feedback_email</wp:meta_key>
			<wp:meta_value><![CDATA[a:2:{s:2:"to";a:1:{i:0;s:49:""c.w.kennedy.color" <c.w.kennedy.color@gmail.com>";}s:7:"message";s:425:"<!doctype html>
<html xmlns="http://www.w3.org/1999/xhtml">
<body>

<b>Name:</b> Colin Kennedy<br /><br /><b>Email:</b> c.w.kennedy.color@gmail.com<br /><br /><b>Comment:</b> Contact me here.<br /><br /><br /><hr />Time: November 6, 2018 at 6:53 pm<br />IP Address: 66.102.196.93<br />Contact Form URL: https://colinsportfolio78254161.wordpress.com/contact/<br /><p>Sent by a verified WordPress.com user.</p>

</body>
</html>";}]]></wp:meta_value>
		</wp:postmeta>
	</item>
	<item>
		<title>Minecraft</title>
		<link>https://colinsportfolio78254161.wordpress.com/2018/11/07/minecraft/</link>
		<pubDate>Wed, 07 Nov 2018 04:31:29 +0000</pubDate>
		<dc:creator>ckennedy3</dc:creator>
		<guid isPermaLink="false">https://colinsportfolio78254161.wordpress.com/?p=16</guid>
		<description></description>
		<content:encoded><![CDATA[My favorite game of all. especially on your first night in survival mode. (will expand this later)]]></content:encoded>
		<excerpt:encoded><![CDATA[]]></excerpt:encoded>
		<wp:post_id>16</wp:post_id>
		<wp:post_date>2018-11-07 04:31:29</wp:post_date>
		<wp:post_date_gmt>2018-11-07 04:31:29</wp:post_date_gmt>
		<wp:comment_status>open</wp:comment_status>
		<wp:ping_status>open</wp:ping_status>
		<wp:post_name>minecraft</wp:post_name>
		<wp:status>publish</wp:status>
		<wp:post_parent>0</wp:post_parent>
		<wp:menu_order>0</wp:menu_order>
		<wp:post_type>post</wp:post_type>
		<wp:post_password></wp:post_password>
		<wp:is_sticky>0</wp:is_sticky>
		<category domain="category" nicename="uncategorized"><![CDATA[Uncategorized]]></category>
		<wp:postmeta>
			<wp:meta_key>timeline_notification</wp:meta_key>
			<wp:meta_value><![CDATA[1541565091]]></wp:meta_value>
		</wp:postmeta>
		<wp:postmeta>
			<wp:meta_key>_rest_api_published</wp:meta_key>
			<wp:meta_value><![CDATA[1]]></wp:meta_value>
		</wp:postmeta>
		<wp:postmeta>
			<wp:meta_key>_rest_api_client_id</wp:meta_key>
			<wp:meta_value><![CDATA[-1]]></wp:meta_value>
		</wp:postmeta>
		<wp:postmeta>
			<wp:meta_key>_publicize_job_id</wp:meta_key>
			<wp:meta_value><![CDATA[24001230491]]></wp:meta_value>
		</wp:postmeta>
	</item>
	<item>
		<title></title>
		<link>https://colinsportfolio78254161.wordpress.com/2018/11/07/20/</link>
		<pubDate>Wed, 07 Nov 2018 20:23:35 +0000</pubDate>
		<dc:creator>ckennedy3</dc:creator>
		<guid isPermaLink="false">https://colinsportfolio78254161.wordpress.com/2018/11/07/20/</guid>
		<description></description>
		<content:encoded><![CDATA[ ]]></content:encoded>
		<excerpt:encoded><![CDATA[]]></excerpt:encoded>
		<wp:post_id>20</wp:post_id>
		<wp:post_date>2018-11-07 20:23:35</wp:post_date>
		<wp:post_date_gmt>2018-11-07 20:23:35</wp:post_date_gmt>
		<wp:comment_status>closed</wp:comment_status>
		<wp:ping_status>closed</wp:ping_status>
		<wp:post_name>20</wp:post_name>
		<wp:status>publish</wp:status>
		<wp:post_parent>0</wp:post_parent>
		<wp:menu_order>3</wp:menu_order>
		<wp:post_type>nav_menu_item</wp:post_type>
		<wp:post_password></wp:post_password>
		<wp:is_sticky>0</wp:is_sticky>
		<category domain="nav_menu" nicename="primary"><![CDATA[Primary]]></category>
		<wp:postmeta>
			<wp:meta_key>_publicize_pending</wp:meta_key>
			<wp:meta_value><![CDATA[1]]></wp:meta_value>
		</wp:postmeta>
		<wp:postmeta>
			<wp:meta_key>_menu_item_type</wp:meta_key>
			<wp:meta_value><![CDATA[post_type]]></wp:meta_value>
		</wp:postmeta>
		<wp:postmeta>
			<wp:meta_key>_menu_item_menu_item_parent</wp:meta_key>
			<wp:meta_value><![CDATA[0]]></wp:meta_value>
		</wp:postmeta>
		<wp:postmeta>
			<wp:meta_key>_menu_item_object_id</wp:meta_key>
			<wp:meta_value><![CDATA[2]]></wp:meta_value>
		</wp:postmeta>
		<wp:postmeta>
			<wp:meta_key>_menu_item_object</wp:meta_key>
			<wp:meta_value><![CDATA[page]]></wp:meta_value>
		</wp:postmeta>
		<wp:postmeta>
			<wp:meta_key>_menu_item_target</wp:meta_key>
			<wp:meta_value><![CDATA[]]></wp:meta_value>
		</wp:postmeta>
		<wp:postmeta>
			<wp:meta_key>_menu_item_classes</wp:meta_key>
			<wp:meta_value><![CDATA[a:1:{i:0;s:0:"";}]]></wp:meta_value>
		</wp:postmeta>
		<wp:postmeta>
			<wp:meta_key>_menu_item_xfn</wp:meta_key>
			<wp:meta_value><![CDATA[]]></wp:meta_value>
		</wp:postmeta>
		<wp:postmeta>
			<wp:meta_key>_menu_item_url</wp:meta_key>
			<wp:meta_value><![CDATA[]]></wp:meta_value>
		</wp:postmeta>
	</item>
	<item>
		<title>Home</title>
		<link>https://colinsportfolio78254161.wordpress.com/2018/11/07/home-2/</link>
		<pubDate>Wed, 07 Nov 2018 20:23:38 +0000</pubDate>
		<dc:creator>ckennedy3</dc:creator>
		<guid isPermaLink="false">https://colinsportfolio78254161.wordpress.com/2018/11/07/home-2/</guid>
		<description></description>
		<content:encoded><![CDATA[]]></content:encoded>
		<excerpt:encoded><![CDATA[]]></excerpt:encoded>
		<wp:post_id>21</wp:post_id>
		<wp:post_date>2018-11-07 20:23:38</wp:post_date>
		<wp:post_date_gmt>2018-11-07 20:23:38</wp:post_date_gmt>
		<wp:comment_status>closed</wp:comment_status>
		<wp:ping_status>closed</wp:ping_status>
		<wp:post_name>home-2</wp:post_name>
		<wp:status>publish</wp:status>
		<wp:post_parent>0</wp:post_parent>
		<wp:menu_order>1</wp:menu_order>
		<wp:post_type>nav_menu_item</wp:post_type>
		<wp:post_password></wp:post_password>
		<wp:is_sticky>0</wp:is_sticky>
		<category domain="nav_menu" nicename="footer-menu"><![CDATA[footer menu]]></category>
		<wp:postmeta>
			<wp:meta_key>_publicize_pending</wp:meta_key>
			<wp:meta_value><![CDATA[1]]></wp:meta_value>
		</wp:postmeta>
		<wp:postmeta>
			<wp:meta_key>_menu_item_type</wp:meta_key>
			<wp:meta_value><![CDATA[custom]]></wp:meta_value>
		</wp:postmeta>
		<wp:postmeta>
			<wp:meta_key>_menu_item_menu_item_parent</wp:meta_key>
			<wp:meta_value><![CDATA[0]]></wp:meta_value>
		</wp:postmeta>
		<wp:postmeta>
			<wp:meta_key>_menu_item_object_id</wp:meta_key>
			<wp:meta_value><![CDATA[21]]></wp:meta_value>
		</wp:postmeta>
		<wp:postmeta>
			<wp:meta_key>_menu_item_object</wp:meta_key>
			<wp:meta_value><![CDATA[custom]]></wp:meta_value>
		</wp:postmeta>
		<wp:postmeta>
			<wp:meta_key>_menu_item_target</wp:meta_key>
			<wp:meta_value><![CDATA[]]></wp:meta_value>
		</wp:postmeta>
		<wp:postmeta>
			<wp:meta_key>_menu_item_classes</wp:meta_key>
			<wp:meta_value><![CDATA[a:1:{i:0;s:0:"";}]]></wp:meta_value>
		</wp:postmeta>
		<wp:postmeta>
			<wp:meta_key>_menu_item_xfn</wp:meta_key>
			<wp:meta_value><![CDATA[]]></wp:meta_value>
		</wp:postmeta>
		<wp:postmeta>
			<wp:meta_key>_menu_item_url</wp:meta_key>
			<wp:meta_value><![CDATA[https://colinsportfolio78254161.wordpress.com]]></wp:meta_value>
		</wp:postmeta>
	</item>
	<item>
		<title></title>
		<link>https://colinsportfolio78254161.wordpress.com/2018/11/07/22/</link>
		<pubDate>Wed, 07 Nov 2018 20:23:40 +0000</pubDate>
		<dc:creator>ckennedy3</dc:creator>
		<guid isPermaLink="false">https://colinsportfolio78254161.wordpress.com/2018/11/07/22/</guid>
		<description></description>
		<content:encoded><![CDATA[ ]]></content:encoded>
		<excerpt:encoded><![CDATA[]]></excerpt:encoded>
		<wp:post_id>22</wp:post_id>
		<wp:post_date>2018-11-07 20:23:40</wp:post_date>
		<wp:post_date_gmt>2018-11-07 20:23:40</wp:post_date_gmt>
		<wp:comment_status>closed</wp:comment_status>
		<wp:ping_status>closed</wp:ping_status>
		<wp:post_name>22</wp:post_name>
		<wp:status>publish</wp:status>
		<wp:post_parent>0</wp:post_parent>
		<wp:menu_order>2</wp:menu_order>
		<wp:post_type>nav_menu_item</wp:post_type>
		<wp:post_password></wp:post_password>
		<wp:is_sticky>0</wp:is_sticky>
		<category domain="nav_menu" nicename="footer-menu"><![CDATA[footer menu]]></category>
		<wp:postmeta>
			<wp:meta_key>_publicize_pending</wp:meta_key>
			<wp:meta_value><![CDATA[1]]></wp:meta_value>
		</wp:postmeta>
		<wp:postmeta>
			<wp:meta_key>_menu_item_type</wp:meta_key>
			<wp:meta_value><![CDATA[post_type]]></wp:meta_value>
		</wp:postmeta>
		<wp:postmeta>
			<wp:meta_key>_menu_item_menu_item_parent</wp:meta_key>
			<wp:meta_value><![CDATA[0]]></wp:meta_value>
		</wp:postmeta>
		<wp:postmeta>
			<wp:meta_key>_menu_item_object_id</wp:meta_key>
			<wp:meta_value><![CDATA[16]]></wp:meta_value>
		</wp:postmeta>
		<wp:postmeta>
			<wp:meta_key>_menu_item_object</wp:meta_key>
			<wp:meta_value><![CDATA[post]]></wp:meta_value>
		</wp:postmeta>
		<wp:postmeta>
			<wp:meta_key>_menu_item_target</wp:meta_key>
			<wp:meta_value><![CDATA[]]></wp:meta_value>
		</wp:postmeta>
		<wp:postmeta>
			<wp:meta_key>_menu_item_classes</wp:meta_key>
			<wp:meta_value><![CDATA[a:1:{i:0;s:0:"";}]]></wp:meta_value>
		</wp:postmeta>
		<wp:postmeta>
			<wp:meta_key>_menu_item_xfn</wp:meta_key>
			<wp:meta_value><![CDATA[]]></wp:meta_value>
		</wp:postmeta>
		<wp:postmeta>
			<wp:meta_key>_menu_item_url</wp:meta_key>
			<wp:meta_value><![CDATA[]]></wp:meta_value>
		</wp:postmeta>
	</item>
</channel>
</rss>
